term,HappinessScore
V_CO2PerCapita,0.5445459448403592
V_FertilizerUseKgPerHectare,0.32992303227916464
V_AgriculturalLandPctOfTotal,0.20214334002364695
V_ForestAreaPctOfTotal,0.12530823357475904
V_TotalLandArea,0.12215598038236102
V_ArableLandPctOfTotal,0.0720900418524143
V_CO2EmissionsKt,0.07097876834327034
V_CO2EmissionsKgPerGDP,0.05494182084365426
V_CO2EmissionsKgPerConstantGDP,0.04833223833142103
